#Calvin College CERF PI DATA
#Pi_Number,Sensor_Number,Sensor Name,Year,Month,On-Peak %,Off-Peak %
3,1,South Court,2015,09,100.00,72.78
3,1,South Court,2015,10,88.92,48.00
3,1,South Court,2015,11,85.99,43.41
3,1,South Court,2015,12,64.47,31.70
3,1,South Court,2016,01,92.47,42.44
3,1,South Court,2016,02,74.65,40.15
3,1,South Court,2016,03,79.58,29.67
3,1,South Court,2016,04,85.00,41.62
3,1,South Court,2016,05,74.26,34.54
3,1,South Court,2016,06,85.26,38.99
3,1,South Court,2016,07,89.83,37.17
3,1,South Court,2016,08,89.25,28.96
3,1,South Court,2016,09,81.87,47.48
3,1,South Court,2016,10,82.89,54.08
3,1,South Court,2016,11,90.44,45.49
3,1,South Court,2016,12,49.12,27.02
3,1,South Court,2017,01,89.49,36.18
3,1,South Court,2017,02,90.68,47.67
3,1,South Court,2017,03,86.03,36.70
3,1,South Court,2017,04,89.86,36.74
3,1,South Court,2017,05,87.69,39.95
3,1,South Court,2017,06,84.85,23.12
3,1,South Court,2017,07,86.83,28.28
3,1,South Court,2017,08,91.47,30.80
3,1,South Court,2017,09,78.96,42.00
3,1,South Court,2017,10,80.85,41.67
3,1,South Court,2017,11,89.59,40.63
3,1,South Court,2017,12,64.62,23.14
3,1,South Court,2018,01,86.73,34.17
3,1,South Court,2018,02,86.48,37.84
3,1,South Court,2018,03,83.08,30.82
3,1,South Court,2018,04,85.62,28.20
