#Calvin College CERF PI DATA
#Pi_Number,Sensor_Number,Sensor Name,Year,Month,On-Peak %,Off-Peak %
3,2,North Court,2015,09,95.86,71.51
3,2,North Court,2015,10,44.26,30.43
3,2,North Court,2015,11,77.81,40.34
3,2,North Court,2015,12,33.95,25.63
3,2,North Court,2016,01,84.01,40.42
3,2,North Court,2016,02,56.60,35.18
3,2,North Court,2016,03,58.18,27.98
3,2,North Court,2016,04,38.85,29.36
3,2,North Court,2016,05,40.37,27.18
3,2,North Court,2016,06,62.67,22.62
3,2,North Court,2016,07,76.43,23.59
3,2,North Court,2016,08,56.11,20.51
3,2,North Court,2016,09,28.42,27.57
3,2,North Court,2016,10,42.92,34.01
3,2,North Court,2016,11,69.75,30.11
3,2,North Court,2016,12,41.14,18.66
3,2,North Court,2017,01,65.35,26.97
3,2,North Court,2017,02,81.16,36.65
3,2,North Court,2017,03,65.81,28.26
3,2,North Court,2017,04,60.90,31.75
3,2,North Court,2017,05,42.50,25.50
3,2,North Court,2017,06,58.44,17.56
3,2,North Court,2017,07,72.14,20.12
3,2,North Court,2017,08,45.60,17.61
3,2,North Court,2017,09,50.08,31.87
3,2,North Court,2017,10,55.90,36.11
3,2,North Court,2017,11,79.69,34.18
3,2,North Court,2017,12,46.42,20.16
3,2,North Court,2018,01,74.32,27.78
3,2,North Court,2018,02,64.05,29.48
3,2,North Court,2018,03,54.44,21.60
3,2,North Court,2018,04,62.47,23.60
