#Calvin College CERF PI DATA
#Pi_Number,Sensor_Number,Sensor Name,Start Time,End Time,On%,In/Out of Range
3,6,TNT West,2015-09-29 15:01:01,2016-01-01 00:00:01,0.00,In Range
3,6,TNT West,2016-01-01 00:01:01,2016-01-01 00:01:00,0.00,Not in Range
3,6,TNT West,2016-01-01 00:02:00,2017-01-01 00:00:02,0.00,In Range
3,6,TNT West,2017-01-01 00:01:02,2017-01-01 00:01:01,0.00,Not in Range
3,6,TNT West,2017-01-01 00:02:01,2018-01-01 00:00:00,0.00,In Range
3,6,TNT West,2018-01-01 00:01:00,2018-01-01 00:01:01,0.00,Not in Range
3,6,TNT West,2018-01-01 00:02:01,2018-04-18 01:29:01,0.00,In Range
