#Calvin College CERF PI DATA
#Pi_Number,Sensor_Number,Sensor Name,Start Time,End Time,Max,Min,Ave,In/Out of Range
3,3,South Court,2015-09-29 15:01:01,2016-01-01 00:00:01,16.30,24.89,19.14,In Range
3,3,South Court,2016-01-01 00:01:01,2016-01-01 00:01:00,18.61,18.61,18.61,Out of Range
3,3,South Court,2016-01-01 00:02:00,2017-01-01 00:00:02,15.59,26.72,20.20,In Range
3,3,South Court,2017-01-01 00:01:02,2017-01-01 00:01:01,18.42,18.42,18.42,Out of Range
3,3,South Court,2017-01-01 00:02:01,2018-01-01 00:00:00,16.05,27.10,20.19,In Range
3,3,South Court,2018-01-01 00:01:00,2018-01-01 00:01:01,16.69,16.69,16.69,Out of Range
3,3,South Court,2018-01-01 00:02:01,2018-04-18 01:14:00,16.01,25.15,18.69,In Range
